Common,Scientific,Source,Order,Class,Tropical,Trop_Subtrop,Climate,Continent,Lit_confirmed,BLAST,Thiaminase,Confirmed,Thiamine,Thiaminase_activity,Marine,Habitat1,Habitat2,Invasive,Salt,TL_fooditems,MaxTL,MaxAge,Omega3
Alewife,Alosa pseudoharengus,"Tillitt et al. 2005, Greig and Gnaedinger 1971, Boggs et al. 2019, Fitzsimons et al. 2005, Kraft et al. 2014, Zajicek et al. 2005, Lepack et al. 2013, Honeyfield et al. 2010, Nielands 1947, Gnaedinger and Krzeczkowski 1966",Clupeiformes,Actinopteri,0,0,Temperate,North America,1,NA,1,0,15.5,4280,0,OS,PE,1,TL,3.4,40,9,2.67
American Eel,Anguilla rostrata,"Greig and Gnaedinger 1971, Nielands 1947",Aguilliformes,Actinopteri,0,1,Subtropical,Worldwide,1,NA,0,0,191,0.666666667,1,NS,BE,0,TL,3.8,152,43,0.777
Black Crappie,Pomoxis nigromaculatus,"Greig and Gnaedinger 1971, Chaet and Bishop 1952",Centrarchiformes,Actinopteri,0,1,Subtropical,North America,1,NA,0,0,,,0,NS,BP,0,IN,3.8,49,15,0.397
Bloater,Coregonus hoyi,"Tillitt et al. 2005, Greig and Gnaedinger 1971, Zajicek et al. 2005",Salmoniformes,Actinopteri,0,0,Temperate,North America,1,NA,0,0,14.2,35,0,OS,PE,0,IN,3.3,37,11,NA
Bluegill,Lepomis macrochirus,"Riley and Evans 2008, Chaet and Bishop 1952",Centrarchiformes,Actinopteri,0,1,Subtropical,North America,1,NA,0,0,,,0,NS,BP,1,IN,3.2,41,10,0.372
Brown Trout,Salmo trutta,"BLAST, Greig and Gnaedinger 1971",Salmoniformes,Actinopteri,0,1,Temperate,Worldwide,1,1,0,1,,,1,NS,PE,1,TL,3.4,140,38,1.09
Black Bullhead,Ameiurus melas,"BLAST, Greig and Gnaedinger 1971",Siluriformes,Actinopteri,0,0,Temperate,North America,1,1,1,1,,,0,NS,BE,0,IN,3.8,66,10,0.747
Burbot,Lota lota,Greig and Gnaedinger 1971,Gadiformes,Actinopteri,0,0,Temperate,Worldwide,1,NA,1,0,388,,0,OS,BE,0,TL,3.8,152,20,0.666
Central Mudminnow,Umbra limi,Greig and Gnaedinger 1971,Esociformes,Actinopteri,0,0,Temperate,North America,1,NA,1,0,,,0,NS,BE,0,IN,3.7,14,4,NA
Central Stoneroller,Campostoma anomalum,Boggs et al. 2019. Kraft et al. 2014,Cypriniformes ,Actinopteri,0,1,Subtropical,North America,1,NA,1,0,,,0,NS,BP,0,IN,2,22,NA,NA
Channel Catfish,Ictalurus punctatus,"BLAST, Greig and Gnaedinger 1971",Siluriformes,Actinopteri,0,1,Subtropical,North America,1,1,1,1,0,,0,NS,BE,1,IN,4.2,132,24,0.403
Cisco,Coregonus artedi,Greig and Gnaedinger 1971,Salmoniformes,Actinopteri,0,0,Temperate,North America,1,NA,0,0,,,1,OS,PE,0,TL,3.4,57,11,NA
Coho Salmon,Oncorhynchus kisutch,"BLAST, Greig and Gnaedinger 1971",Salmoniformes,Actinopteri,0,1,Temperate,Worldwide,1,1,0,1,,,1,OS,PE,1,TL,4.2,108,5,1.88
Common Carp,Cyprinus carpio,"BLAST, Greig and Gnaedinger 1971, Fujita et al. 1954, Chaet and Bishop 1952, Gaedinger and Krzeczkowski 1966",Cypriniformes ,Actinopteri,0,1,Subtropical,Worldwide,1,1,1,1,114,,0,NS,BP,1,TL,3.1,120,38,0.709
Deepwater Sculpin,Myoxocephalus thompsonii,Tillitt et al. 2005,Perciformes,Actinopteri,0,0,Temperate,North America,1,NA,1,0,16.5,172,0,OS,BE,0,IN,3.2,23,NA,NA
Emerald Shiner,Notropis atherinoides,"Riley and Evans 2008, Chaet and Bishop 1952",Cypriniformes ,Actinopteri,0,0,Temperate,North America,1,NA,1,0,,,0,NS,PE,0,IN,2.8,13,4,NA
Fathead Minnow,Pimephales promelas,"BLAST, Greig and Gnaedinger 1971, Chaet and Bishop 1952",Cypriniformes ,Actinopteri,0,1,Subtropical,North America,1,1,1,1,,,0,NS,BE,0,IN,2.4,10.1,5,NA
Freshwater Drum,Aplodinotus grunniens,Greig and Gnaedinger 1971,Eupercaria,Actinopteri,0,1,Subtropical,North America,1,NA,0,0,,,0,NS,BP,0,TL,3.4,95,13,NA
Longnose Gar,Lepisosteus osseus oxyurus,Greig and Gnaedinger 1971,Lepisosteiformes,Actinopteri,0,1,Subtropical,North America,1,NA,0,0,,,0,NS,BE,0,TL,4.2,200,36,0.532
Gizzard Shad,Dorosoma cepedianum,"Tillitt et al. 2005, Greig and Gnaedinger 1971, Boggs et al. 2019, Lepak et al. 2013, Zajicek et al. 2005, Gnaedinger and Krzeczkowski 1966",Clupeiformes,Actinopteri,0,1,Subtropical,North America,1,NA,1,0,,31800,0,NS,BP,1,TL,2.4,57,10,1.06
Goldfish,Carassius auratus,"BLAST, Greig and Gnaedinger 1971",Cypriniformes ,Actinopteri,0,1,Subtropical,Worldwide,1,1,1,1,,,0,NS,BP,1,TL,2,48,41,NA
Lake Trout,Salvelinus namaycush,"BLAST, Greig and Gnaedinger 1971",Salmoniformes,Actinopteri,0,0,Temperate,North America,1,1,0,1,,,0,OS,BP,0,TL,4.3,150,50,1.07
Lake Whitefish,Coregonus clupeaformis,"BLAST, Greig and Gnaedinger 1971",Salmoniformes,Actinopteri,0,0,Temperate,North America,1,1,0,0,,,0,OS,BP,0,TL,3.2,100,50,1.55
Lamprey,Petromyzon marinus,"BLAST, Greig and Gnaedinger 1971",Petromyzontiformes,Petromyzonti,0,0,Temperate,Worldwide,1,1,0,1,,,1,NS,BE,1,TL,4.4,120,11,0.957
Largemouth Bass,Micropterus salmoides,"BLAST, Greig and Gnaedinger 1971, Boggs et al. 2019, Chaet and Bishop 1952",Centrarchiformes,Actinopteri,0,1,Subtropical,Worldwide,1,1,0,1,1.1,,0,NS,BP,1,IN,3.8,97,23,0.397
Ninespine Stickleback,Pungitius pungitius,"BLAST, Tillitt et al. 2005",Perciformes,Actinopteri,0,0,Boreal,Worldwide,1,1,0,1,25.7,85,0,OS,BP,0,TL,3.3,9,5,NA
Northern Pike,Esox lucius,"BLAST, Greig and Gnaedinger 1971",Esociformes,Actinopteri,0,1,Subtropical,North America,1,1,0,1,,,0,NS,BP,1,TL,4.1,137,30,0.632
Pumpkinseed,Lepomis gibbosus,"Greig and Gnaedinger 1971, Chaet and Bishop 1952",Centrarchiformes,Actinopteri,0,1,Subtropical,North America,1,NA,0,0,,,0,NS,BP,1,IN,3.3,40,12,NA
Rainbow Smelt,Osmerus mordax,"Tillitt et al. 2005, Greig and Gnaedinger 1971, Zajicek et al. 2005, Kraft et al. 2014, Honeyfield et al. 2010, Nielands 1947, Gnaedinger and Krzeczkowski 1966",Osmeriformes,Actinopteri,0,0,Temperate,Worldwide,1,NA,1,0,8.8,2640,0,OS,BE,1,TL,3,35.6,7,1.57
Rainbow Trout,Oncorhynchus mykiss,"BLAST, Greig and Gnaedinger 1971",Salmoniformes,Actinopteri,0,1,Temperate,Worldwide,1,1,0,1,,,0,OS,PE,1,TL,4.1,122,11,1.44
Rock Bass,Ambloplites rupestris,"Greig and Gnaedinger 1971, Chaet and Bishop 1952",Centrarchiformes,Actinopteri,0,1,Subtropical,North America,1,NA,0,0,,,0,NS,BP,0,IN,3.4,43,18,NA
Round Goby,Neogobius melanostomus,"Tillitt et al. 2005, Harder et al. 2010",Gobiiformes,Actinopteri,0,0,Temperate,Eurasia,1,NA,0,0,14.6,18,0,NS,BE,1,TL,3.3,30,6,NA
Round Whitefish,Prosopium cylindraceum,Riley and Evans 2008,Salmoniformes,Actinopteri,0,0,Temperate,Worldwide,1,NA,1,0,,,0,NS,BE,0,TL,3.3,59,16,NA
Sauger,Sander canadensis,Greig and Gnaedinger 1971,Perciformes,Actinopteri,0,1,Subtropical,North America,1,NA,1,0,,,0,NS,BP,0,IN,4.1,76,18,NA
Fourhorn Sculpin,Myoxocephalus quadricornis,Greig and Gnaedinger 1971,Perciformes,Actinopteri,0,0,Polar,North America,1,NA,1,0,,,1,NS,BE,0,TL,3.9,60,14,0.903
Smallmouth Bass,Micropterus dolomieu,"Greig and Gnaedinger 1971, Chaet and Bishop 1952",Centrarchiformes,Actinopteri,0,1,Subtropical,North America,1,NA,0,0,,,0,NS,BP,1,IN,3.6,69,26,NA
Spottail Shiner,Notropis hudsonius,"Tillitt et al. 2005, Greig and Gnaedinger 1971, Boggs et al. 2019, Zajicek et al. 2005, Chaet and Bishop 1952, Gnaedinger and Krzeczkowski 1966",Cypriniformes ,Actinopteri,0,0,Temperate,North America,1,NA,1,0,16.3,32700,0,NS,BE,0,IN,2.1,15,5,NA
Walleye,Sander vitreus,"Greig and Gnaedinger 1971, Boggs et al. 2019",Perciformes,Actinopteri,0,1,Subtropical,North America,1,NA,0,0,0.4,,0,NS,BP,0,TL,4.5,107,29,0.429
White Bass,Morone chrysops,Greig and Gnaedinger 1971,Eupercaria,Actinopteri,0,0,Temperate,North America,1,NA,1,0,,,0,NS,BP,0,TL,4,45,9,NA
White Perch,Morone americana,"Greig and Gnaedinger 1971, Neilands 1947",Eupercaria,Actinopteri,0,0,Temperate,North America,1,NA,0,0,,0,0,NS,BP,1,TL,3.1,58,16,0.68
White Sucker,Catostomus commersonii,"Greig and Gnaedinger 1971, Boggs et al. 2019, Kraft et al. 2014, Nielands 1947",Cypriniformes ,Actinopteri,0,0,Temperate,North America,1,NA,1,0,,13,0,NS,BP,0,IN,2.8,65,12,1.28
Yellow Perch,Perca flavescens,"BLAST, Tillitt et al. 2005, Greig and Gnaedinger 1971, Nielands 1947",Perciformes,Actinopteri,0,1,Subtropical,North America,1,1,0,1,26.4,12,0,NS,BP,0,TL,3.7,50,11,0.305
Broad-Striped Anchovy,Anchoa hepsetus,Greig and Gnaedinger 1971,Clupeiformes,Actinopteri,0,1,Subtropical,Worldwide,1,NA,1,0,,,1,NS,PE,0,TL,3.3,15.3,NA,1.11
Californian Anchovy,Engraulis mordax,Greig and Gnaedinger 1971,Clupeiformes,Actinopteri,0,1,Subtropical,North America,1,NA,1,0,19,,1,NS,PE,0,TL,3.1,24.8,7,0.989
Cusk,Brosme brosme,"Greig and Gnaedinger 1971, Nielands 1947",Gadiformes,Actinopteri,0,0,Temperate,Worldwide,1,NA,0,0,38,2.666666667,1,OS,BE,0,TL,3.9,120,20,0.371
Altantic Croaker,Micropogonias undulatus,Greig and Gnaedinger 1971,Eupercaria,Actinopteri,0,1,Subtropical,Worldwide,1,NA,0,0,85,,1,NS,BE,0,TL,4,55,5,0.607
Winter Flounder,Pseudopleuronectes americanus,"Greig and Gnaedinger 1971, Nielands 1947",Pleuronectiformes,Actinopteri,0,0,Temperate,North America,1,NA,0,0,,1.666666667,1,NS,BE,0,TL,3.6,64,14,0.359
Atlantic Butterfish,Poronotus triacanthus,Greig and Gnaedinger 1971,Scombriformes ,Actinopteri,0,1,Subtropical,North America,1,NA,1,0,163,,1,OS,BP,0,TL,3.9,30,NA,0.781
Cunner,Tautogolabrus adspersus,Greig and Gnaedinger 1971,Eupercaria,Actinopteri,0,0,Temperate,North America,1,NA,0,0,,,1,NS,BE,0,TL,3.7,38,6,0.35
Largehead Hairtail,Trichiurus lepturus,Greig and Gnaedinger 1971,Scombriformes ,Actinopteri,0,1,Subtropical,Worldwide,1,NA,0,0,,,1,NS,BP,0,TL,4.4,234,15,0.447
Picked Dogfish,Squalus acanthias,"Greig and Gnaedinger 1971, Nielands 1947",Squaliformes,Elasmobranchii,0,0,Temperate,Worldwide,1,NA,0,0,52,1,1,NS,BP,0,TL,4.4,160,75,1.48
Ocean Pout,Zoarces anguillaris,"Greig and Gnaedinger 1971, Nielands 1947",Perciformes,Actinopteri,0,0,Temperate,North America,1,NA,0,0,,0.666666667,1,NS,BE,0,TL,4.2,110,18,0.8
Angler,Lophius piscatorius,"Greig and Gnaedinger 1971, Nielands 1947",Lophiiformes,Actinopteri,0,0,Temperate,Europe,1,NA,0,0,,0.333333333,1,OS,BE,0,TL,4.5,200,24,0.22
Haddock,Melanogrammus aeglefinus,"Greig and Gnaedinger 1971, Nielands 1947",Gadiformes,Actinopteri,0,0,Temperate,Worldwide,1,NA,0,0,39,1,1,NS,BE,0,TL,4,112,20,0.55
Hake,Urophycis cirrata,"Greig and Gnaedinger 1971, Nielands 1947",Gadiformes,Actinopteri,0,1,Subtropical,Worldwide,1,NA,0,0,89,1.666666667,1,OS,BE,0,TL,4,66,14,NA
Atlantic Halibut,Hippoglossus hippoglossus,"BLAST, Nielands 1947",Pleuronectiformes,Actinopteri,0,0,Temperate,Worldwide,1,1,0,1,,0.666666667,1,OS,BE,0,TL,4,470,50,0.321
Baltic Herring,Clupea harengus,"BLAST, Greig and Gnaedinger 1971, Hirn and Pekkanen 1975, Nielands 1947, Wistbacka et al. 2008",Clupeiformes,Actinopteri,0,0,Temperate,Worldwide,1,1,1,1,46,115,1,OS,BP,0,TL,3.4,45,25,1.83
Southern Kingcroaker,Menticirrhus americanus,Greig and Gnaedinger 1971,Eupercaria,Actinopteri,0,1,Subtropical,Worldwide,1,NA,0,0,,,1,NS,BE,0,TL,3.5,50,NA,0.679
Winter Flounder,Pseudopleuronectes americanus dignabilis,Greig and Gnaedinger 1971,Pleuronectiformes,Actinopteri,0,0,Temperate,North America,1,NA,0,0,,,1,NS,BE,0,TL,3.6,64,14,0.359
Inshore Lizardfish,Synodus foetens,Greig and Gnaedinger 1971,Aulopiformes ,Actinopteri,1,1,Tropical,Worldwide,1,NA,0,0,92,,1,NS,BE,0,TL,4.5,53.8,NA,0.17
Lumpfish,Cyclopterus lumpus,"BLAST, Greig and Gnaedinger 1971, Nielands 1947",Perciformes,Actinopteri,0,0,Polar,Worldwide,1,1,0,1,,3,1,OS,BP,0,TL,3.9,61,13,0.408
Club Mackerel,Scomber japonicus,Greig and Gnaedinger 1971,Scombriformes ,Actinopteri,0,1,Subtropical,Indo-Pacific,1,NA,1,0,139,,1,NS,PE,0,TL,3.4,64,18,0.397
Atlantic Mackerel,Scomber scombrus,"Greig and Gnaedinger 1971, Nielands 1947",Scombriformes ,Actinopteri,0,0,Temperate,Worldwide,1,NA,0,0,139,1,1,NS,PE,0,TL,3.6,60,17,1.34
Atlantic Menhaden,Brevoortia tyrannus,Greig and Gnaedinger 1971,Clupeiformes,Actinopteri,0,1,Subtropical,North America,1,NA,1,0,,,1,NS,PE,0,TL,3.2,50,NA,1.22
Gulf Menhaden,Brevoortia patronus,Greig and Gnaedinger 1971,Clupeiformes,Actinopteri,0,1,Subtropical,North America,1,NA,1,0,,,1,NS,PE,0,TL,2.2,35,NA,0.552
Ocellated Moray,Gymnothorax ocellatus,Greig and Gnaedinger 1971,Anguilliformes,Actinopteri,1,1,Tropical,Worldwide,1,NA,1,0,,,1,NS,BE,0,TL,4.1,90,NA,0.25
Flathead Grey Mullet,Mugil cephalus,"Greig and Gnaedinger 1971, Fujita 1954",Mugiliformes,Actinopteri,0,1,Subtropical,Worldwide,1,NA,0,0,,,1,NS,BP,0,TL,2.5,100,16,0.761
American Plaice,Hippoglossoides platessoides,"Greig and Gnaedinger 1971, Nielands 1947",Pleuronectiformes,Actinopteri,0,0,Temperate,Worldwide,1,NA,0,0,,4,1,NS,BE,0,TL,4.1,82.6,30,0.366
Saithe,Pollachius virens,"Greig and Gnaedinger 1971, Nielands 1947",Gadiformes,Actinopteri,0,0,Temperate,Worldwide,1,NA,0,0,,0,1,NS/OS,BE,0,TL,4.3,130,25,0.584
Scup,Stenotomus chrysops,Greig and Gnaedinger 1971,Eupercaria,Actinopteri,0,1,Subtropical,North America,1,NA,0,0,,,1,NS/OS,BE,0,TL,3.8,46,NA,0.37
Scaled Herring,Harengula pensacolae,Greig and Gnaedinger 1971,Clupeiformes,Actinopteri,1,1,Tropical,North America,1,NA,1,0,,,1,NS,BE,0,TL,3.4,21.2,3,0.499
Golden Redfish,Sebastes marinus,Greig and Gnaedinger 1971,Perciformes,Actinopteri,0,0,Temperate,Worldwide,1,NA,0,0,,,1,OS,PE,0,TL,4,100,60,1.29
Black Seabass,Centropristis striata,Greig and Gnaedinger 1971,Perciformes,Actinopteri,0,0,Temperate,North America,1,NA,0,0,,,1,NS,BE,0,TL,3.9,66,20,0.354
Hardhead Sea Catfish,Galeichthys felis,Greig and Gnaedinger 1971,Siluriformes,Actinopteri,0,1,Subtropical,North America,1,NA,0,0,,,1,NS,BE,0,TL,3.2,70,NA,0.259
Sea Raven,Hemitripterus americanus,"Greig and Gnaedinger 1971, Nielands 1947",Perciformes,Actinopteri,0,0,Temperate,North America,1,NA,0,0,,1.333333333,1,NS,BE,0,TL,4.5,64,NA,0.645
Bighead Searobin,Prionotus tribulus,Greig and Gnaedinger 1971,Perciformes,Actinopteri,0,1,Subtropical,North America,1,NA,0,0,90,,1,NS,BE,0,TL,3.7,35,NA,0.387
Longhorn Sculpin,Myoxocephalus octodecemspinosus,Nielands 1947,Perciformes,Actinopteri,0,0,Temperate,North America,1,NA,0,0,,0.333333333,1,NS,BE,0,TL,3.6,46,11,1.18
Smooth Skate,Malacoraja senta,Nielands 1947,Rajiformes,Actinopteri,0,0,Deep-water,North America,1,NA,0,0,1.666666667,,1,OS,BE,0,TL,3.5,61,NA,0.911
Spot Croaker,Leiostomus xanthurus,Greig and Gnaedinger 1971,Eupercaria,Actinopteri,0,1,Subtropical,North America,1,NA,0,0,85,,1,NS,BE,0,TL,3.2,36,4,0.684
Tautog,Tautoga onitis,Greig and Gnaedinger 1971,Eupercaria,Actinopteri,0,1,Subtropical,North America,1,NA,0,0,,,1,NS,BE,0,TL,3.3,91,34,0.342
Sand Weakfish,Cynoscion arenarius,Greig and Gnaedinger 1971,Eupercaria,Actinopteri,0,1,Subtropical,North America,1,NA,0,0,,,1,NS,BE,0,TL,4.2,63.5,5,0.75
Silver Hake,Merluccius bilinearis,Nielands 1947,Gadiformes,Actinopteri,0,0,Temperate,North America,1,NA,0,0,4.666666667,,1,NS,BE,0,TL,4.5,76,12,0.277
Witch Flounder,Glyptocephalus cynoglossus,Nielands 1947,Pleuronectiformes,Actinopteri,0,0,Temperate,Worldwide,1,NA,0,0,,0.666666667,1,NS,BE,0,TL,3.2,60,25,0.335
Yellowtail Flouder,Limanda ferruginea,Nielands 1947,Pleuronectiformes,Actinopteri,0,0,Temperate,North America,1,NA,0,0,,1.333333333,1,NS,BE,0,TL,3.3,64,12,0.343
Zebra Fish,Danio rerio,BLAST,Cypriniformes ,Actinopteri,1,1,Tropical,Asia,1,1,1,1,,,0,NS,BP,0,IN,3.1,3.8,5.5,NA
NA,Sinocyclocheilus rhinocerous,BLAST,Cypriniformes ,Actinopteri,0,1,Subtropical,Asia,0,1,1,0,,,0,NA,BP,0,IN,2.9,9.7,NA,NA
NA,Onychostoma macrolepis,BLAST,Cypriniformes ,Actinopteri,0,1,Subtropical,Asia,0,1,1,0,,,0,NA,BP,0,IN,NA,26.5,NA,NA
NA,Triplophysa tibetana,BLAST,Cypriniformes ,Actinopteri,0,0,Temperate,Asia,0,1,1,0,,,0,NA,BP,0,IN,NA,13.3,NA,NA
Roho Labeo,Labeo rohita,BLAST,Cypriniformes ,Actinopteri,1,1,Tropical,Asia,0,1,1,0,,,0,NS,BP,0,TL,2.2,200,10,0.351
NA,Sinocyclocheilus anshuiensis,BLAST,Cypriniformes ,Actinopteri,0,1,Subtropical,Asia,0,1,1,0,,,0,NS,BP,0,IN,2.9,10,NA,NA
Sumatra Barb,Puntigrus tetrazona,BLAST,Cypriniformes ,Actinopteri,1,1,Tropical,Asia,0,1,1,0,,,0,NS,BP,0,IN,2.9,7,NA,NA
Kanglang Fish,Anabarilius grahami,BLAST,Cypriniformes ,Actinopteri,0,1,Subtropical,Asia,0,1,1,0,,,1,NS,BP,0,IN,3.2,15.6,NA,NA
Striped Catfish,Pangasianodon hypophthalmus,BLAST,Siluriformes,Actinopteri,1,1,Tropical,Asia,0,1,1,0,,,0,NS,BP,0,IN,3.1,130,NA,0.16
Yellow Catfish,Tachysurus fulvidraco,BLAST,Siluriformes,Actinopteri,0,1,Subtropical,Asia,0,1,1,0,,,0,NS,BE,0,IN,3.5,34.5,NA,NA
Cachama,Colossoma macropomum,BLAST,Characiformes,Actinopteri,1,1,Tropical,South America,0,1,1,0,,,0,NS,BP,0,IN,2,108,NA,0.204
Asian Redtail Catfish,Hemibagrus wyckioides,BLAST,Siluriformes,Actinopteri,0,1,Subtropical,Asia,0,1,1,0,,,0,NS,BE,0,IN,3.7,130,NA,0.238
Red Pirahna,Pygocentrus nattereri,BLAST,Characiformes,Actinopteri,0,1,Subtropical,South America,0,1,1,0,,,0,NS,PE,0,IN,3.7,50,NA,0.572
Mexican Tetra,Astyanax mexicanus,BLAST,Characiformes,Actinopteri,0,1,Subtropical,North America,0,1,1,0,,,0,NS,BP,0,IN,3.2,12,NA,NA
Milkfish,Chanos chanos,BLAST,Gonorynchiformes,Actinopteri,1,1,Tropical,Indo-Pacific,0,1,1,0,,,1,NS,BP,0,TL,2.4,180,15,0.248
Chinese Large-Mouth Catfish,Silurus meridionalis,BLAST,Siluriformes,Actinopteri,0,1,Subtropical,Asia,0,1,1,0,,,0,NS,BE,0,IN,4.2,114,NA,NA
American Shad,Alosa sapidissima,BLAST,Clupeiformes,Actinopteri,0,1,Subtropical,North America,0,1,1,0,,,1,NS,PE,0,TL,3.5,76,13,1.52
Electric Eel,Electrophorus electricus,BLAST,Gymnotiformes,Actinopteri,1,1,Tropical,South America,0,1,1,0,,,0,NS,BP,0,IN,3.9,250,NA,NA
Giant Devil Catfish,Bagarius yarrelli,BLAST,Siluriformes,Actinopteri,1,1,Tropical,Asia,0,1,1,0,,,0,NS,BE,0,IN,3.7,200,NA,0.171
Allis Shad,Alosa alosa,BLAST,Clupeiformes,Actinopteri,0,0,Temperate,Europe,0,1,1,0,,,1,NS,PE,0,TL,3,69,10,2.4
Mummichog,Fundulus heteroclitus,"BLAST, Nielands 1947",Cyprinodontiformes,Actinopteri,0,0,Temperate,North America,1,1,1,1,,51,1,NS,BP,1,TL,3.6,15,4,1.55
White Sands Pupfish,Cyprinodon tularosa,BLAST,Cyprinodontiformes,Actinopteri,0,1,Subtropical,North America,0,1,1,0,,,0,NS,BP,0,TL,2.7,5,5,NA
Fairy Cichlid,Neolamprologus brichardi,BLAST,Cichliformes,Actinopteri,1,1,Tropical,Africa,0,1,1,0,,,0,NS,BP,0,IN,3.4,9,NA,NA
Nile Tilapia,Oreochromis niloticus,BLAST,Cichliformes,Actinopteri,1,1,Tropical,Africa,0,1,1,0,,,0,NS,BP,1,TL,2,60,9,0.407
Blue Tilapia,Oreochromis aureus,BLAST,Cichliformes,Actinopteri,1,1,Tropical,Worldwide,0,1,1,0,,,0,NS,BP,1,TL,2.1,45.7,NA,0.428
Green Swordtail,Xiphophorus hellerii,BLAST,Cyprinodontiformes,Actinopteri,1,1,Tropical,Worldwide,0,1,1,0,,,0,NS,BP,1,TL,3.2,14,NA,NA
Atlantic Silverside,Menidia menidia,BLAST,Atheriniformes,Actinopteri,0,0,Temperate,North America,0,1,1,0,,,0,NS,PE,0,TL,3.2,15,2,1.21
Denticle Herring,Denticeps clupeoides,BLAST,Clupeiformes,Actinopteri,1,1,Tropical,Africa,0,1,1,0,,,0,NS,PE,0,IN,3.3,15,NA,NA
Sailfin Molly,Poecilia latipinna,BLAST,Cyprinodontiformes,Actinopteri,0,1,Subtropical,North America,0,1,1,0,,,1,NS,BP,1,TL,2,15,NA,NA
Southern Platyfish,Xiphophorus maculatus,BLAST,Cyprinodontiformes,Actinopteri,1,1,Tropical,Central America,0,1,1,0,,,0,NS,BP,1,IN,3.2,4,NA,NA
Amazon Molly,Poecilia formosa,BLAST,Cyprinodontiformes,Actinopteri,0,1,Subtropical,North America,0,1,1,0,,,0,NS,BP,0,TL,2.5,9.6,NA,NA
Shortfin Molly,Poecilia mexicana,BLAST,Cyprinodontiformes,Actinopteri,1,1,Tropical,Central America,0,1,1,0,,,0,NS,BP,1,TL,2,11,NA,NA
Burton'S Mouthbrooder,Astatotilapia burtoni,BLAST,Cichliformes,Actinopteri,1,1,Tropical,Africa,0,1,1,0,,,0,NS,BP,0,IN,3.1,15,NA,NA
Mosquitofish,Gambusia affinis,BLAST,Cyprinodontiformes,Actinopteri,0,1,Subtropical,Worldwide,0,1,1,0,,,0,NS,BP,1,TL,3.1,5.1,3,NA
Indian Glassy Fish,Parambassis ranga,BLAST,Ovalentaria,Actinopteri,1,1,Tropical,Asia,0,1,1,0,,,0,NS,BE,0,TL,3.5,8.2,NA,0.589
Wagur,Clarias magur,BLAST,Siluriformes,Actinopteri,1,1,Tropical,Asia,0,1,1,0,,,0,NS,BE,1,TL,3.4,35,NA,NA
Japenese Rice Fish,Oryzias latipes,BLAST,Beloniformes,Actinopteri,0,1,Subtropical,Asia,0,1,1,0,,,0,NE,BP,0,TL,3.4,4,NA,NA
Indo-Pacific Tarpon,Megalops cyprinoides,BLAST,Elopiformes,Actinopteri,1,1,Tropical,Indo-Pacific,0,1,1,0,,,1,NS,BP,0,TL,3.5,150,44,0.434
NA,Paramormyrops kingsleyae,BLAST,Osteoglossiformes,Actinopteri,1,1,Tropical,Africa,0,1,1,0,,,0,NS,BP,0,IN,3.2,13.5,NA,NA
Tarpon,Megalops atlanticus,BLAST,Elopiformes,Actinopteri,0,1,Subtropical,Worldwide,0,1,1,0,,,1,NS,BE,0,TL,4.5,250,55,0.433
Asian Bonytongue,Scleropages formosus,BLAST,Osteoglossiformes,Actinopteri,1,1,Tropical,Asia,0,1,1,0,,,0,NS,BP,0,IN,3.9,90,NA,NA
Red Cornet Fish,Fistularia petimba,Nishimune et al. 2008,Syngnathiformes,Actinopteri,1,1,Tropical,Worldwide,1,NA,1,0,,,1,NS,BE,0,TL,4.4,200,NA,0.211
Crucian Carp,Carassius carassius,"Wistbacka et al. 2009, Chaet and Bishop 1952, Fujita 1954",Cypriniformes ,Actinopteri,0,0,Temperate,Asia,1,NA,1,0,,,0,NS,BE,1,TL,3.1,64,10,1.45
Slimy Sculpin,Cottus cognatus,Honeyfield et al. 2010,Perciformes,Actinopteri,0,0,Temperate,Worldwide,1,NA,1,0,,,0,NS,BE,0,TL,3.4,12.1,7,NA
European Sprat,Sprattus sprattus,Wistbacka et al. 2008,Clupeiformes,Actinopteri,0,0,Temperate,Europe,1,NA,0,0,,,1,NS,PE,0,TL,3,16,6,1.16
Three-Spined Stickleback,Gasterosteus aculeatus,"BLAST, Wistbacka et al. 2008",Perciformes,Actinopteri,0,1,Subtropical,Worldwide,1,1,0,1,,,1,NS,BP,0,TL,3.3,11,8,0.997
Atlantic Salmon,Salmo salar,"BLAST, Greig and Gnaedinger 1971, Nielands 1947",Salmoniformes,Actinopteri,0,0,Temperate,Worldwide,1,1,0,1,,4.666666667,1,NS,BP,0,TL,4.5,150,13,1.81
Banded Killifish,Fundulus diaphanus,"Boggs et al. 2019, Kraft et al. 2014, Nielands 1947",Cyprinodontiformes,Actinopteri,0,0,Temperate,North America,1,NA,1,0,,52.33333333,0,NS,BP,0,TL,3.3,13,NA,NA
Brown Bullhead,Ameiurus nebulosus,Nielands 1947,Siluriformes,Actinopteri,0,1,Subtropical,North America,1,NA,1,0,,21.66666667,0,NS,BE,1,IN,3.7,55,9,NA
Cod,Gadus morhua,"BLAST, Greig and Gnaedinger 1971, Nielands 1947",Gadiformes,Actinopteri,0,0,Temperate,Worldwide,1,1,0,1,,2,1,NS,BP,0,TL,4.1,200,25,0.953
Vendace,Coregonus albula,Hirn and Pekkanen 1975,Salmoniformes,Actinopteri,0,0,Temperate,Europe,1,NA,0,0,,30,1,NS,BP,0,TL,3.1,48,10,1.74
Redbelly Tilapia,Coptodon zillii,Okonji et al. 2013,Cichliformes,Actinopteri,1,1,Tropical,Africa,1,NA,1,0,,,0,NS,BP,1,TL,2.5,40,7,0.462
White Bream,Blicca bjoerkna,Chaet and Bishop 1952,Cypriniformes ,Actinopteri,0,0,Temperate,Europe,1,NA,1,0,,,0,NS,BE,0,TL,3.2,45.5,NA,NA
Freshwater Bream,Abramis brama,"Chaet and Bishop 1952, Arsan 1970",Cypriniformes ,Actinopteri,0,0,Temperate,Eurasia,1,NA,1,0,,,0,NS,BP,0,TL,3.1,82,23,1.24
Vimba Bream,Vimba vimba,Chaet and Bishop 1952,Cypriniformes ,Actinopteri,0,1,Subtropical,Eurasia,1,NA,1,0,,,0,NS,BP,0,TL,3.3,50,15,NA
Asp,Leuciscus aspius,Chaet and Bishop 1952,Cypriniformes ,Actinopteri,0,0,Temperate,Eurasia,1,NA,1,0,,,0,NS,BP,0,TL,4.5,120,11,1.51
Mississippi Silvery Minnow,Hybognathus nuchalis,Chaet and Bishop 1952,Cypriniformes ,Actinopteri,0,1,Subtropical,North America,1,NA,1,0,,,0,NS,BP,0,IN,NA,18,2,NA
Rudd,Scardinius erythrophthalmus,"Chaet and Bishop 1952, Arsan 1970",Cypriniformes ,Actinopteri,0,0,Temperate,Eurasia,1,NA,1,0,,,0,NS,BP,1,TL,2.9,61.7,19,1.25
Ide,Leuciscus idus,Chaet and Bishop 1952,Cypriniformes ,Actinopteri,0,0,Temperate,Eurasia,1,NA,1,0,,,0,NS,BP,0,TL,3.8,85,18,1.37
Roach,Rutilus rutilus,"Chaet and Bishop 1952, Arsan 1970",Cypriniformes ,Actinopteri,0,1,Subtropical,Europe,1,NA,1,0,,,0,NS,BP,1,TL,3,50.2,14,0.8
Fallfish,Semotilus corporalis,Chaet and Bishop 1952,Cypriniformes ,Actinopteri,0,0,Temperate,North America,1,NA,1,0,,,0,NS,BE,0,IN,3.4,51,6,NA
Bridle Shiner,Notropis bifrenatus,Chaet and Bishop 1952,Cypriniformes ,Actinopteri,0,0,Temperate,North America,1,NA,1,0,,,0,NS,BP,0,IN,2.8,6.5,NA,NA
Common Shiner,Luxilus cornutus,"Boggs et al. 2019, Kraft et al. 2014",Cypriniformes ,Actinopteri,0,0,Temperate,North America,1,NA,1,0,,,0,NS,BE,0,IN,2.8,18,6,NA
Mimic Shiner,Notropis volucellus,"Boggs et al. 2019, Chaet and Bishop 1952",Cypriniformes ,Actinopteri,0,0,Temperate,North America,1,NA,1,0,,,0,NS,BP,0,IN,3,7.6,2,NA
Blacknose Dace,Rhinichthys atratulus,"Kraft et al. 2014, Chaet and Bishop 1952",Cypriniformes ,Actinopteri,0,0,Temperate,North America,1,NA,1,0,,,0,NS,BE,0,IN,3.1,12.4,3,NA
Tench,Tinca tinca,Chaet and Bishop 1952,Cypriniformes ,Actinopteri,0,0,Temperate,Eurasia,1,NA,1,0,,,0,NS,BE,0,TL,3.7,70,NA,1.49
Redbreast Sunfish,Lepomis auritus,"Boggs et al. 2019, Chaet and Bishop 1952",Centrarchiformes,Actinopteri,0,0,Temperate,North America,1,NA,0,0,,,0,NS,BE,1,IN,3.2,30.5,NA,NA
Spiny Chromis,Acanthochromis polyacanthus,BLAST,Ovalentaria,Actinopteri,1,1,Tropical,Indo-Pacific,0,1,0,0,,,1,NS,BE,0,TL,2.7,14,NA,0.135
Yellowfin Seabream,Acanthopagrus latus,BLAST,Eupercaria,Actinopteri,0,1,Subtropical,Indo-Pacific,0,1,0,0,,,1,NS,BE,0,TL,3.8,40,NA,0.747
Sterlet Sturgeon,Acipenser ruthenus,BLAST,Acipenseriformes,Actinopteri,0,0,Temperate,Eurasia,0,1,0,0,,,0,NS,BE,0,TL,3.6,125,20,0.808
Roundjaw Bonefish,Albula glossodonta,BLAST,Albuliformes,Actinopteri,1,1,Tropical,Indo-Pacific,0,1,0,0,,,1,NS,BE,0,TL,3.3,90,NA,0.0927
Starry Ray,Amblyraja radiata,BLAST,Rajiformes,Actinopteri,0,0,Boreal,Worldwide,0,1,0,0,,,1,OS,BE,0,TL,4.2,105,28,0.927
Clown Anemonefish,Amphiprion ocellaris,BLAST,Ovalentaria,Actinopteri,1,1,Tropical,Indo-Pacific,0,1,0,0,,,1,NS,BE,0,TL,3.1,11,NA,0.173
Climbing Perch,Anabas testudineus,BLAST,Anabantiformes,Actinopteri,1,1,Tropical,Asia,0,1,0,0,,,0,NS,BE,0,TL,3,25,NA,0.388
Wolf-eel,Anarrhichthys ocellatus,BLAST,Perciformes,Actinopteri,0,0,Temperate,Worldwide,0,1,0,0,,,1,NS,BE,0,TL,3.5,240,NA,0.32
European Eel,Anguilla anguilla,BLAST,Anguilliformes,Actinopteri,0,0,Temperate,Worldwide,0,1,0,0,,,0,NS,BE,1,TL,3.6,122,88,1.27
Flier Cichlid,Archocentrus centrarchus,BLAST,Cichliformes,Actinopteri,1,1,Tropical,Central America,0,1,0,0,,,0,NS,BP,0,IN,2.6,11,NA,NA
Eastern Happy,Astatotilapia calliptera,BLAST,Cichliformes,Actinopteri,1,1,Tropical,Africa,0,1,0,0,,,0,NS,BP,0,IN,3,15,NA,NA
NA,Austrofundulus limnaeus,BLAST,Cyprinodontiformes,Actinopteri,1,1,Tropical,South America,0,1,0,0,,,0,NS,BP,0,IN,3.3,8,NA,NA
Siamese Fighting Fish,Betta splendens,BLAST,Anabantiformes,Actinopteri,1,1,Tropical,Asia,0,1,0,0,,,0,NS,BP,0,IN,3.3,6.5,2,NA
Great Blue Spotted Mudskipper,Boleophthalmus pectinirostris,BLAST,Gobiiformes,Actinopteri,1,1,Tropical,Asia,0,1,0,0,,,1,NS,BE,0,TL,2,20,4,NA
Ghost Shark,Callorhinchus milii,BLAST,Chimaeriformes,Holocephali,0,1,Subtropical,Indo-Pacific,0,1,0,0,,,1,NS,BE,0,TL,3.6,125,NA,0.489
Bluefin Trevally,Caranx melampygus,BLAST,Carangiformes,Actinopteri,1,1,Tropical,Indo-Pacific,0,1,0,0,,,1,NS,BE,0,TL,4.5,117,NA,0.291
Great White Shark,Carcharodon carcharias ,BLAST,Lamniformes,Elasmobranchii,0,1,Subtropical,Worldwide,0,1,0,0,,,1,OS,PE,0,TL,4.5,640,36,NA
Snakehead,Channa argus,BLAST,Anabantiformes,Actinopteri,0,1,Subtropical,Asia,0,1,0,0,,,0,NS,BP,1,IN,4.4,100,NA,NA
Humphead Wrasse,Cheilinus undulatus,BLAST,Eupercaria,Actinopteri,1,1,Tropical,Indo-Pacific,0,1,0,0,,,1,NS,BE,0,TL,4,229,32,0.0774
Copperband Butterflyfish,Chelmon rostratus,BLAST,Acanthuriformes,Actinopteri,1,1,Tropical,Indo-Pacific,0,1,0,0,,,1,NS,BE,0,TL,3.5,20,10,0.318
Whitespotted Bambooshark,Chiloscyllium plagiosum,BLAST,Orectolobiformes,Elasmobranchii,1,1,Tropical,Indo-Pacific,0,1,0,0,,,1,NS,BE,0,TL,4,83,25,0.106
Big Head Croaker,Collichthys lucidus,BLAST,Eupercaria,Actinopteri,0,1,Subtropical,Indo-Pacific,0,1,0,0,,,1,NS,BE,0,TL,3.6,19.8,NA,0.413
Roundnose Grenadier,Coryphaenoides rupestris,BLAST,Gadiformes,Actinopteri,0,0,Deep-water,Worldwide,0,1,0,0,,,1,OS,BP,0,TL,3.7,110,54,0.228
Channel Bull Blenny,Cottoperca gobio,BLAST,Perciformes,Actinopteri,0,1,Subtropical,South America,0,1,0,0,,,1,NS,BE,0,TL,4.3,80,NA,0.399
Tongue Sole,Cynoglossus semilaevis,BLAST,Pleuronectiformes,Actinopteri,0,1,Subtropical,Asia,0,1,0,0,,,1,NS,BE,0,TL,3.7,61.1,NA,NA
Sheepshead Minnow,Cyprinodon variegatus,BLAST,Cyprinodontiformes,Actinopteri,0,1,Subtropical,Worldwide,0,1,0,0,,,1,NS,BP,0,TL,2.4,9,NA,0.731
Antarctic Toothfish,Dissostichus mawsoni,BLAST,Perciformes,Actinopteri,0,0,Polar,Antarctica,0,1,0,0,,,1,NS,PE,0,TL,3.9,200,39,0.339
Live Sharksucker,Echeneis naucrates,BLAST,Carangiformes,Actinopteri,0,1,Subtropical,Worldwide,0,1,0,0,,,1,NS,BE,0,TL,3.7,110,NA,0.27
Giant Grouper,Epinephelus lanceolatus,BLAST,Perciformes,Actinopteri,1,1,Tropical,Indo-Pacific,0,1,0,0,,,1,NS,BE,0,TL,4,270,NA,0.2
Reedfish,Erpetoichthys calabaricus,BLAST,Polypteriformes,Cladistii,1,1,Tropical,Africa,0,1,0,0,,,0,NS,BE,0,TL,3.3,37,NA,NA
Arkansas Darter,Etheostoma cragini,BLAST,Perciformes,Actinopteri,0,1,Subtropical,North America,0,1,0,0,,,0,NS,BP,0,IN,3.2,6,3,NA
Orangethroat Darter,Etheostoma spectabile,BLAST,Perciformes,Actinopteri,0,0,Temperate,North America,0,1,0,0,,,0,NS,BP,0,IN,3.3,7.2,NA,NA
Blunt-Nosed Clingfish,Gouania willdenowi,BLAST,Gobiesociformes,Actinopteri,0,1,Subtropical,Europe,0,1,0,0,,,1,NS,BE,0,TL,3.1,4.6,NA,NA
Ploughfish,Gymnodraco acuticeps,BLAST,Perciformes,Actinopteri,0,0,Polar,Antarctica,0,1,0,0,,,1,NS,BE,0,TL,4.2,38.5,NA,NA
Tiger Tail Seahorse,Hippocampus comes,BLAST,Syngnathiformes,Actinopteri,1,1,Tropical,Indo-Pacific,0,1,0,0,,,1,NS,BE,0,TL,3.4,18.7,NA,0.13
Pacific Halibut,Hippoglossus stenolepis,BLAST,Pleuronectiformes,Actinopteri,0,0,Temperate,Worldwide,0,1,0,0,,,1,OS,BE,0,TL,4.1,258,55,0.36
NA,Aphyosemion striatum,BLAST,Cyprinodontiformes,Actinopteri,1,1,Tropical,Africa,0,1,0,0,,,0,NS,BP,0,IN,3.2,6,NA,NA
Mangrove Rivulus,Kryptolebias marmoratus,BLAST,Cyprinodontiformes,Actinopteri,1,1,Tropical,Worldwide,0,1,0,0,,,1,NS,BP,0,TL,3.2,4.5,NA,NA
Ballan Wrasse,Labrus bergylta,BLAST,Eupercaria,Actinopteri,0,0,Temperate,Europe,0,1,0,0,,,1,NS,BE,0,TL,3.2,65.9,29,0.295
Large Yellow Croaker,Larimichthys crocea,BLAST,Eupercaria,Actinopteri,0,0,Temperate,Asia,0,1,0,0,,,1,NS,BP,0,TL,3.7,80,NA,0.996
Barramundi,Lates calcarifer,BLAST,Carangaria,Actinopteri,1,1,Tropical,Indo-Pacific,0,1,0,0,,,1,NS,BE,0,TL,3.8,200,NA,0.407
Coelacanth,Latimeria chalumnae,BLAST,Coelacanthiformes,Coelacanthi,0,0,Deep-water,Africa,0,1,0,0,,,1,OS,BE,0,TL,4.4,168,48,NA
Spotted Gar,Lepisosteus oculatus,BLAST,Lepisosteiformes,Actinopteri,0,1,Subtropical,North America,0,1,1,0,,,0,NS,BE,0,TL,4,150,18,0.518
Tanaka's Snailfish,Liparis tanakae,BLAST,Perciformes,Actinopteri,0,0,Temperate,Asia,0,1,0,0,,,1,OS,BE,0,TL,4.3,56.3,NA,0.611
Toothed Cuban Cusk-Eel,Lucifuga dentata,BLAST,Ophidiiformes,Actinopteri,1,1,Tropical,Central America,0,1,0,0,,,1,NS,BE,0,TL,3.3,15.2,NA,NA
Zig-Zag Eel,Mastacembelus armatus,BLAST,Synbranchiformes,Actinopteri,1,1,Tropical,Asia,0,1,0,0,,,0,NS,BE,0,TL,2.8,90,NA,0.314
Zebra Mbuna,Maylandia zebra,BLAST,Cichliformes,Actinopteri,1,1,Tropical,Africa,0,1,0,0,,,0,NS,BE,0,IN,2.3,11.3,NA,NA
Boeseman's Rainbowfish,Melanotaenia boesemani,BLAST,Atheriniformes,Actinopteri,1,1,Tropical,Asia,0,1,0,0,,,0,NS,BP,0,IN,2.9,9,NA,NA
Asian Swamp Eel,Monopterus albus,BLAST,Synbranchiformes,Actinopteri,1,1,Tropical,Asia,0,1,0,0,,,0,NS,BE,0,TL,2.9,100,NA,0.313
Striped Bass,Morone saxatilis,BLAST,Eupercaria,Actinopteri,0,0,Temperate,North America,0,1,0,0,,,1,NS,BE,0,TL,4.7,200,30,1.17
Pinecone Soldierfish,Myripristis murdjan,BLAST,Holocentriformes,Actinopteri,1,1,Tropical,Indo-Pacific,0,1,0,0,,,1,NS,BE,0,TL,3.4,60,NA,0.136
Rio Pearlfish,Nematolebias whitei,BLAST,Cyprinodontiformes,Actinopteri,1,1,Tropical,South America,0,1,0,0,,,0,NS,BP,0,IN,3.3,8,NA,NA
Yellow Drum,Nibea albiflora,BLAST,Eupercaria,Actinopteri,0,0,Temperate,Asia,0,1,0,0,,,1,NS,BP,0,TL,4,43.5,4,0.585
Turquoise Killifish,Nothobranchius furzeri,BLAST,Cyprinodontiformes,Actinopteri,1,1,Tropical,Africa,0,1,0,0,,,0,NS,BP,0,IN,3.2,6.5,NA,0
Chum Salmon,Oncorhynchus keta,BLAST,Salmoniformes,Actinopteri,0,0,Temperate,Worldwide,0,1,0,0,,,1,NS,BP,0,TL,3.7,100,7,2.35
Sockeye Salmon,Oncorhynchus nerka,BLAST,Salmoniformes,Actinopteri,0,0,Temperate,Worldwide,0,1,0,0,,,1,OS,PE,0,TL,3.5,84,8,2.88
Chinook Salmon,Oncorhynchus tshawytscha,BLAST,Salmoniformes,Actinopteri,0,0,Temperate,Worldwide,0,1,0,0,,,1,NS,BP,1,TL,4.4,150,9,1.5
Javenese Ricefish,Oryzias javanicus,BLAST,Beloniformes,Actinopteri,1,1,Tropical,Asia,0,1,0,0,,,0,NS,BP,0,IN,3.4,4.5,NA,NA
Indian Medaka,Oryzias melastigma,BLAST,Beloniformes,Actinopteri,1,1,Tropical,Asia,0,1,0,0,,,0,NS,BP,0,TL,3.3,4,NA,NA
NA,Nothobranchius kadleci,BLAST,Cyprinodontiformes,Actinopteri,1,1,Tropical,Africa,0,1,0,0,,,0,NS,PE,0,IN,3.2,3.9,NA,NA
Korthausae Killifish,Nothobranchius korthausae,BLAST,Cyprinodontiformes,Actinopteri,1,1,Tropical,Africa,0,1,0,0,,,0,NS,BP,0,IN,3.2,5,NA,NA
Spotted Killifish,Nothobranchius kuhntae,BLAST,Cyprinodontiformes,Actinopteri,1,1,Tropical,Africa,0,1,0,0,,,0,NS,BP,0,IN,3.3,10,NA,NA
NA,Nothobranchius pienaari,BLAST,Cyprinodontiformes,Actinopteri,1,1,Tropical,Africa,0,1,0,0,,,0,NS,BP,0,IN,3.2,3.9,NA,NA
Bluefin Notho,Nothobranchius rachovii,BLAST,Cyprinodontiformes,Actinopteri,1,1,Tropical,Africa,0,1,0,0,,,0,NS,BP,0,IN,3.2,6,NA,NA
Spotty,Notolabrus celidotus,BLAST,Eupercaria,Actinopteri,0,0,Temperate,Indo-Pacific,0,1,0,0,,,1,NS,BE,0,TL,3.4,23.9,7,0.714
Black Rockcod,Notothenia coriiceps,BLAST,Perciformes,Actinopteri,0,0,Polar,Antarctica,0,1,0,0,,,1,OS,BE,0,TL,2.8,62,NA,0.289
Bastard Halibut,Paralichthys olivaceus,BLAST,Pleuronectiformes,Actinopteri,0,1,Subtropical,Indo-Pacific,0,1,0,0,,,1,NS,BE,0,TL,4.5,103,NA,0.284
European Perch,Perca fluviatilis,"BLAST, Arsan 1970",Perciformes,Actinopteri,0,0,Temperate,Eurasia,0,1,0,0,,,0,NS,BE,1,TL,4.4,60,22,0.56
Mudskipper,Periophthalmus magnuspinnatus,BLAST,Gobiiformes,Actinopteri,0,0,Temperate,Asia,0,1,0,0,,,0,NS,BE,0,IN,3.2,10.3,NA,NA
Leopard Coralgrouper,Plectropomus leopardus,BLAST,Perciformes,Actinopteri,1,1,Tropical,Indo-Pacific,0,1,0,0,,,1,NS,BE,0,TL,4.4,120,26,0.143
Guppy,Poecilia reticulata,BLAST,Cyprinodontiformes,Actinopteri,1,1,Tropical,South America,0,1,0,0,,,0,NS,BP,1,TL,3.2,6,NA,NA
Blackstripe Livebearer,Poeciliopsis prolifica,BLAST,Cyprinodontiformes,Actinopteri,0,1,Subtropical,Central America,0,1,0,0,,,0,NS,BP,0,TL,NA,3,NA,NA
Mississippi Paddlefish,Polyodon spathula,BLAST,Acipenseriformes,Actinopteri,0,1,Subtropical,North America,0,1,1,0,,,0,NS,BE,1,IN,3.4,221,55,0.285
Gray Bichir,Polypterus senegalus,BLAST,Polypteriformes,Actinopteri,1,1,Tropical,Africa,0,1,1,0,,,0,NS,BE,0,IN,3.5,70,NA,0.227
West African Lungfish,Protopterus annectens,BLAST,Ceratodontiformes,Actinopteri,1,1,Tropical,Africa,0,1,0,0,,,0,NS,BE,0,IN,3.8,100,NA,NA
South Georgia Icefish,Pseudochaenichthys georgianus,BLAST,Perciformes,Actinopteri,0,0,Polar,Antarctica,0,1,0,0,,,1,OS,BE,0,TL,3.4,60,NA,0.335
NA,Pundamilia nyererei,BLAST,Cichliformes,Actinopteri,1,1,Tropical,Africa,0,1,0,0,,,0,NS,BP,0,IN,2.6,7.7,NA,NA
Whale Shark,Rhincodon typus,BLAST,Orectolobiformes,Elasmobranchii,0,1,Subtropical,Worldwide,0,1,0,0,,,1,OS,PE,0,TL,3.6,1700,80,NA
Jewelled Blenny,Salarias fasciatus,BLAST,Blenniiformes,Actinopteri,1,1,Tropical,Indo-Pacific,0,1,0,0,,,1,NS,BE,0,TL,2,14,NA,0.186
Arctic Char,Salvelinus alpinus,BLAST,Salmoniformes,Actinopteri,0,0,Temperate,Worldwide,0,1,0,0,,,1,NS,BP,0,TL,4.4,107,40,1.82
Pike-Perch,Sander lucioperca,BLAST,Perciformes,Actinopteri,0,0,Temperate,Eurasia,0,1,0,0,,,0,NS,PE,1,TL,4,100,17,1.15
Turbot,Scophthalmus maximus,BLAST,Pleuronectiformes,Actinopteri,0,0,Temperate,Europe,0,1,0,0,,,1,OS,BE,0,TL,4.4,100,25,0.592
Lesser Spotted Dogfish,Scyliorhinus canicula ,BLAST,Carcharhiniformes,Elasmobranchii,0,1,Subtropical,Europe,0,1,0,0,,,1,OS,BE,0,TL,3.8,100,12,0.202
Honeycomb Rockfish,Sebastes umbrosus,BLAST,Perciformes,Actinopteri,0,1,Subtropical,North America,0,1,0,0,,,1,NS,BE,0,TL,3.6,29.8,NA,NA
Greater Amberjack,Seriola dumerili,BLAST,Carangiformes,Actinopteri,0,1,Subtropical,Worldwide,0,1,0,0,,,1,NS,BE,0,TL,4.5,190,15,0.224
Yellowtail Amberjack,Seriola lalandi,BLAST,Carangiformes,Actinopteri,0,1,Subtropical,Worldwide,0,1,0,0,,,1,NS,BP,0,TL,4.2,250,12,0.679
NA,Simochromis diagramma,BLAST,Cichliformes,Actinopteri,1,1,Tropical,Africa,0,1,0,0,,,0,NS,BP,0,IN,2,19.5,NA,NA
Mandarin Fish,Siniperca chuatsi,BLAST,Centrarchiformes,Actinopteri,0,0,Temperate,Asia,0,1,0,0,,,0,NS,BP,0,IN,4.5,70,9,NA
Golden-Line Barbel,Sinocyclocheilus grahami,BLAST,Cypriniformes ,Actinopteri,0,0,Temperate,Asia,0,1,1,0,,,0,NS,BP,0,IN,2.9,23,NA,NA
Sengalese Sole,Solea senegalensis,BLAST,Pleuronectiformes,Actinopteri,1,1,Tropical,Africa,0,1,0,0,,,1,NS,BE,0,TL,3.3,60,NA,0.158
Gilthead Seabream,Sparus aurata,BLAST,Eupercaria,Actinopteri,0,1,Subtropical,Europe,0,1,0,0,,,1,NS,BE,0,TL,3.7,70,11,1.29
Orbiculate Cardinalfish,Sphaeramia orbicularis,BLAST,Kurtiformes,Actinopteri,1,1,Tropical,Indo-Pacific,0,1,0,0,,,1,NS,BE,0,TL,3.6,10,NA,0.163
Bicolor Damselfish,Stegastes partitus,BLAST,Ovalentaria,Actinopteri,1,1,Tropical,Worldwide,0,1,0,0,,,1,NS,BE,0,TL,2,10,NA,0.141
Greater Pipefish,Syngnathus acus,BLAST,Syngnathiformes,Actinopteri,0,1,Subtropical,Worldwide,0,1,0,0,,,1,NS,BE,0,TL,3.3,50,NA,NA
NA,Takifugu bimaculatus,BLAST,Tetraodontiformes,Actinopteri,0,1,Subtropical,Asia,0,1,0,0,,,1,NS,BE,0,TL,3.4,30,NA,NA
Yellowbelly Pufferfish,Takifugu flavidus,BLAST,Tetraodontiformes,Actinopteri,0,0,Temperate,Asia,0,1,0,0,,,1,NS,BE,0,TL,3.4,35,NA,NA
Japenese Pufferfish,Takifugu rubripes,BLAST,Tetraodontiformes,Actinopteri,0,0,Temperate,Asia,0,1,0,0,,,1,NS,BE,0,TL,3.6,80,NA,1.09
Spotted Green Pufferfish,Tetraodon nigroviridis,BLAST,Tetraodontiformes,Actinopteri,1,1,Tropical,Asia,0,1,0,0,,,0,NS,BE,0,IN,3.4,17,NA,NA
NA,Thalassophryne amazonica,BLAST,Batrachoidiformes,Actinopteri,1,1,Tropical,South America,0,1,0,0,,,0,NS,BE,0,IN,3.4,9.3,NA,NA
Yellowfin Tuna,Thunnus albacares,BLAST,Scombriformes ,Actinopteri,1,1,Tropical,Worldwide,0,1,0,0,,,1,OS,PE,0,TL,4.4,239,9,0.573
Southern Bluefin Tuna,Thunnus maccoyii,BLAST,Scombriformes ,Actinopteri,0,0,Temperate,Worldwide,0,1,0,0,,,1,OS,PE,0,TL,3.9,245,20,0.639
Banded Archerfish,Toxotes jaculatrix,BLAST,Carangaria,Actinopteri,1,1,Tropical,Worldwide,0,1,0,0,,,1,NS,BE,0,TL,2.6,30,NA,NA
Emerald Rockcod,Trematomus bernacchii,BLAST,Perciformes,Actinopteri,0,0,Polar,Antarctica,0,1,0,0,,,1,NS,BE,0,TL,3.4,28,10,0.359
Swordfish,Xiphias gladius,BLAST,Carangiformes,Actinopteri,0,0,Temperate,Worldwide,0,1,0,0,,,1,OS,PE,0,TL,4.5,455,NA,0.322
Monterrey Platyfish,Xiphophorus couchianus,BLAST,Cyprinodontiformes,Actinopteri,1,1,Tropical,North America,0,1,0,0,,,0,NS,BP,0,IN,3.1,6,NA,NA
Bluntnose Minnow,Pimephales notatus,Boggs et al. 2019,Cypriniformes ,Actinopteri,0,0,Temperate,North America,1,NA,1,0,,,0,NS,BE,0,IN,2.7,11,5,NA
Golden Shiner,Notemigonus crysoleucas,Boggs et al. 2019,Cypriniformes ,Actinopteri,0,1,Subtropical,North America,1,NA,1,0,,,0,NS,BE,0,TL,2.7,32,9,NA
Swallowtail Shiner,Notropis procne,Boggs et al. 2019,Cypriniformes ,Actinopteri,0,0,Temperate,North America,1,NA,1,0,,,0,NS,BP,0,IN,2.8,7.2,3,NA
Cutlip Minnow,Exoglossum maxillingua,"Boggs et al. 2019, Kraft et al. 2014",Cypriniformes ,Actinopteri,0,0,Temperate,North America,1,NA,1,0,,,0,NS,BE,0,IN,3,16,2,NA
Streamline Chub,Erimystax dissimilis,Boggs et al. 2019,Cypriniformes ,Actinopteri,0,0,Temperate,North America,1,NA,1,0,,,0,NS,BE,0,IN,2.9,14,NA,NA
Rosyface Shiner,Notropis rubellus,Boggs et al. 2019,Cypriniformes ,Actinopteri,0,0,Temperate,North America,1,NA,1,0,,,0,NS,BP,0,IN,3.1,11,3,NA
Longnose Dace,Rhinichthys cataractae,"Boggs et al. 2019, Kraft et al. 2014",Cypriniformes ,Actinopteri,0,1,Subtropical,North America,1,NA,1,0,,,0,NS,BE,0,IN,3.2,22.5,5,NA
River Chub,Nocomis micropogon,Boggs et al. 2019,Cypriniformes ,Actinopteri,0,0,Temperate,North America,1,NA,1,0,,,0,NS,BE,0,IN,3.2,33,5,NA
Shorthead Redhorse,Moxostoma macrolepidotum,Boggs et al. 2019,Cypriniformes ,Actinopteri,0,0,Temperate,North America,1,NA,1,0,,,0,NS,BE,0,TL,3.1,75,9,NA
Logperch,Percina caprodes,Boggs et al. 2019,Perciformes,Actinopteri,0,0,Temperate,North America,1,NA,0,0,,,0,NS,BP,0,IN,3.4,18,3,NA
Fallfish,Semotilus corporalis,"Boggs et al. 2019, Kraft et al. 2014",Cypriniformes ,Actinopteri,0,0,Temperate,North America,1,NA,1,0,,,0,NS,BE,0,IN,3.4,51,6,NA
Tessellated Darter,Etheostoma olmstedi,"Boggs et al. 2019, Kraft et al. 2014",Perciformes,Actinopteri,0,0,Temperate,North America,1,NA,0,0,,,0,NS,BP,0,IN,2.9,11,4,NA
Banded Darter,Etheostoma zonale,Boggs et al. 2019,Perciformes,Actinopteri,0,0,Temperate,North America,1,NA,0,0,,,0,NS,BP,0,IN,3.3,7.8,4,NA
Greenside Darter,Etheostoma blennioides,Boggs et al. 2019,Perciformes,Actinopteri,0,0,Temperate,North America,1,NA,0,0,,,0,NS,BP,0,IN,3.4,17,5,NA
Longhead Darter,Percina macrocephala,Boggs et al. 2019,Perciformes,Actinopteri,0,0,Temperate,North America,1,NA,0,0,,,0,NS,BP,0,IN,3.4,12,4,NA
Ohio Lamprey,Ichthyomyzon bdellium,Boggs et al. 2019,Petromyzontiformes,Petromyzonti,0,0,Temperate,North America,1,NA,0,0,,,0,NS,BE,0,IN,4.4,30,1,NA
Margined Madtom,Noturus insignis,Boggs et al. 2019,Siluriformes,Actinopteri,0,0,Temperate,North America,1,NA,0,0,,,0,NS,BE,0,IN,3.3,15,NA,NA
Bowfin,Amia calva,"Greig and Gnaedinger 1971, Gnaedinger and Krzeczkowski 1966",Amiiformes,Actinopteri,0,1,Subtropical,North America,1,NA,NA,0,,,0,NS,BE,0,IN,3.8,109,30,NA
Spotfin Shiner,Cyprinella spiloptera,Boggs et al. 2019,Cypriniformes ,Actinopteri,0,1,Subtropical,North America,1,NA,1,0,,,0,NS,BP,0,IN,2.8,12,5,NA
Creek Chub,Semotilus atromaculatus,"Kraft et al. 2014, Chaet and Bishop 1952",Cypriniformes ,Actinopteri,0,0,Temperate,North America,1,NA,1,0,,,0,NS,BE,0,IN,4,30.3,8,NA
Fantail Darter,Etheostoma flabellare,Kraft et al. 2014,Perciformes,Actinopteri,0,0,Temperate,North America,1,NA,0,0,,,0,NS,BP,0,IN,3.2,8.4,4,NA
Hickory Shad,Alosa mediocris,Kraft et al. 2014,Clupeiformes,Actinopteri,0,0,Temperate,North America,1,NA,1,0,,,1,NS,PE,0,TL,4.1,60,NA,2.9
Atlantic Wolffish,Anarchichas lupus,Nielands 1947,Perciformes,Actinopteri,0,0,Temperate,Worldwide,1,NA,0,0,,,1,OS,BE,0,TL,3.6,150,NA,0.352
European Smelt,Osmerus eperlanus,Hirn and Pekkanen 1975,Osmeriformes,Actinopteri,0,0,Temperate,Europe,1,NA,0,0,,25,1,NS,PE,0,TL,3.5,45,10,1.7
Common Dace,Leuciscus grislagine,Hirn and Pekkanen 1975,Cypriniformes ,Actinopteri,0,0,Temperate,Eurasia,1,NA,1,0,,11500,0,NS,BP,1,TL,2.9,40,16,NA
Amur Catfish,Silurus asotus,Fujita 1954,Siluriformes,Actinopteri,0,0,Temperate,Asia,1,NA,1,0,,,0,NS,BE,0,IN,4.4,130,NA,NA
Pond Loach,Misgurnus anguillicaudatus,Fujita 1954,Cypriniformes ,Actinopteri,0,1,Subtropical,Worldwide,1,NA,1,0,,,0,NS,BE,1,TL,3.2,28,NA,NA
NA,Eleotris oxycephala,Fujita 1954,Gobiiformes,Actinopteri,0,1,Subtropical,Asia,1,NA,1,0,,,1,NS,BE,0,TL,3.7,19,NA,NA
Frigate Tuna,Auxis thazard,Fujita 1954,Scombriformes ,Actinopteri,1,1,Tropical,Worldwide,1,NA,1,0,,,1,OS,PE,0,TL,4.4,65,5,0.358
Japanese Eel,Anguilla japonica,Fujita 1954,Anguilliformes,Actinopteri,0,1,Subtropical,Asia,1,NA,1,0,,,1,NS,BE,0,TL,3.6,150,NA,0.757
Yellowfin Goby,Acanthogobius flavimanus,Fujita 1954,Gobiiformes,Actinopteri,0,0,Temperate,Asia,1,NA,1,0,,,1,NS,BE,0,TL,3.4,30,NA,NA
NA,Ischikauia steenackeri,Fujita 1954,Cypriniformes ,Actinopteri,0,0,Temperate,Asia,1,NA,1,0,,,0,NS,BE,0,IN,3.2,30,NA,NA
NA,Odontobutis obscurus,Fujita 1954,Gobiiformes,Actinopteri,0,0,Temperate,Asia,1,NA,1,0,,,0,NS,BP,0,IN,3.2,17.5,NA,NA
NA,Gnathopogon mayedae,Fujita 1954,NA,NA,NA,NA,NA,Asia,1,NA,1,0,,,NA,NA,NA,NA,NA,NA,NA,NA,NA
NA,Rhinogobius similis,Fujita 1954,Gobiiformes,Actinopteri,0,0,Temperate,Asia,1,NA,1,0,,,0,NS,BP,1,IN,3.3,10,NA,NA
Pond Smelt,Hypomessus olidus,Fujita 1954,Osmeriformes,Actinopteri,0,0,Boreal,Worldwide,1,NA,1,0,,,1,NS,PE,0,TL,3.2,20,10,
Sand-Table Dwarfgoby,Eviota abox,Fujita 1954,Gobiiformes,Actinopteri,0,0,Temperate,Asia,1,NA,1,0,,,1,NS,BE,0,TL,3.2,4,NA,NA
Ice Goby,Leucopsarion petersi,Fujita 1954,Gobiiformes,Actinopteri,0,1,Subtropical,Asia,1,NA,0,0,,,1,NS,BE,0,TL,3.3,5.8,NA,NA
Whitespotted Conger,Conger myriaster,Fujita 1954,Anguilliformes,Actinopteri,0,0,Temperate,Asia,1,NA,0,0,,,1,OS,BE,0,TL,4,100,8,0.523
Ayu Sweetfish,Plecoglossus altivelis,Fujita 1954,Osmeriformes,Actinopteri,0,1,Subtropical,Asia,1,NA,0,0,,,1,NS,BE,0,TL,2.8,70,3,0.657
